﻿"|","|__data__ava","|__data__ava_file","|__data__first_name","|__data__gender","|__data__last_name","|__data__locale","|__data__name","|__data__score","|__data__timezone","|__generated","|__messages__001","|__messages__002","|__messages__003","|__messages__004","|__messages__005","|__messages__006"
"1","https://manybot-thumbnails.s3.eu-central-1.amazonaws.com/559179861253826/subscribers/big_e0424fecacb3a2088bb0773b72c101e2.jpg","https://platform-lookaside.fbsbx.com/platform/profilepic/?psid=2103449789739462&width=1024&ext=1551402141&hash=AeTJyl4RNqmeD40H","Kuenzang","male","Thinley","en_GB","Kuenzang Thinley","40","UTC+09","2019-02-06T08:37:34+00:00","こんにちは","こんにちは","こんにちは","Hi","ひ","H"
"2","https://manybot-thumbnails.s3.eu-central-1.amazonaws.com/559179861253826/subscribers/big_e0424fecacb3a2088bb0773b72c101e2.jpg","https://platform-lookaside.fbsbx.com/platform/profilepic/?psid=2103449789739462&width=1024&ext=1551402141&hash=AeTJyl4RNqmeD40H","Kuenzang","male","Thinley","en_GB","Kuenzang Thinley","45","UTC+09","2019-02-06T08:37:34+00:00","こんにちは","こんにちは","こんにちは","Hi","ひ","H"
"3","https://manybot-thumbnails.s3.eu-central-1.amazonaws.com/559179861253826/subscribers/big_e0424fecacb3a2088bb0773b72c101e2.jpg","https://platform-lookaside.fbsbx.com/platform/profilepic/?psid=2103449789739462&width=1024&ext=1551402141&hash=AeTJyl4RNqmeD40H","Kuenzang","male","Thinley","en_GB","Kuenzang Thinley","50","UTC+09","2019-02-06T08:37:34+00:00","こんにちは","こんにちは","こんにちは","Hi","ひ","H"
"4","https://manybot-thumbnails.s3.eu-central-1.amazonaws.com/559179861253826/subscribers/big_e0424fecacb3a2088bb0773b72c101e2.jpg","https://platform-lookaside.fbsbx.com/platform/profilepic/?psid=2103449789739462&width=1024&ext=1551402141&hash=AeTJyl4RNqmeD40H","Kuenzang","male","Thinley","en_GB","Kuenzang Thinley","50","UTC+09","2019-02-06T08:37:34+00:00","こんにちは","こんにちは","こんにちは","Hi","ひ","H"
"5","https://manybot-thumbnails.s3.eu-central-1.amazonaws.com/559179861253826/subscribers/big_e0424fecacb3a2088bb0773b72c101e2.jpg","https://platform-lookaside.fbsbx.com/platform/profilepic/?psid=2103449789739462&width=1024&ext=1551402141&hash=AeTJyl4RNqmeD40H","Kuenzang","male","Thinley","en_GB","Kuenzang Thinley","60","UTC+09","2019-02-06T08:37:34+00:00","こんにちは","こんにちは","こんにちは","Hi","ひ","H"
"6","https://manybot-thumbnails.s3.eu-central-1.amazonaws.com/559179861253826/subscribers/big_e0424fecacb3a2088bb0773b72c101e2.jpg","https://platform-lookaside.fbsbx.com/platform/profilepic/?psid=2103449789739462&width=1024&ext=1551402141&hash=AeTJyl4RNqmeD40H","Kuenzang","male","Thinley","en_GB","Kuenzang Thinley","70","UTC+09","2019-02-06T08:37:34+00:00","こんにちは","こんにちは","こんにちは","Hi","ひ","H"
"7","https://manybot-thumbnails.s3.eu-central-1.amazonaws.com/559179861253826/subscribers/big_e0424fecacb3a2088bb0773b72c101e2.jpg","https://platform-lookaside.fbsbx.com/platform/profilepic/?psid=2103449789739462&width=1024&ext=1551402141&hash=AeTJyl4RNqmeD40H","Kuenzang","male","Thinley","en_GB","Kuenzang Thinley","75","UTC+09","2019-02-06T08:37:34+00:00","こんにちは","こんにちは","こんにちは","Hi","ひ","H"
"8","https://manybot-thumbnails.s3.eu-central-1.amazonaws.com/559179861253826/subscribers/big_e0424fecacb3a2088bb0773b72c101e2.jpg","https://platform-lookaside.fbsbx.com/platform/profilepic/?psid=2103449789739462&width=1024&ext=1551402141&hash=AeTJyl4RNqmeD40H","Kuenzang","male","Thinley","en_GB","Kuenzang Thinley","80","UTC+09","2019-02-06T08:37:34+00:00","こんにちは","こんにちは","こんにちは","Hi","ひ","H"
"9","https://manybot-thumbnails.s3.eu-central-1.amazonaws.com/559179861253826/subscribers/big_e0424fecacb3a2088bb0773b72c101e2.jpg","https://platform-lookaside.fbsbx.com/platform/profilepic/?psid=2103449789739462&width=1024&ext=1551402141&hash=AeTJyl4RNqmeD40H","Kuenzang","male","Thinley","en_GB","Kuenzang Thinley","90","UTC+09","2019-02-06T08:37:34+00:00","こんにちは","こんにちは","こんにちは","Hi","ひ","H"
